{
  "version": 1,
  "author": "vic",
  "editor": "wokwi",
  "parts": [
    { "type": "wokwi-breadboard-mini", "id": "bb2", "top": 152.2, "left": 439.2, "attrs": {} },
    { "type": "wokwi-breadboard-half", "id": "bb1", "top": -396.6, "left": 70, "attrs": {} },
    { "type": "wokwi-arduino-uno", "id": "uno", "top": 87, "left": 47.4, "attrs": {} },
    {
      "type": "wokwi-pushbutton",
      "id": "btn1",
      "top": -163.3,
      "left": 70.7,
      "rotate": 90,
      "attrs": { "color": "black", "key": "1", "bounce": "1" }
    },
    {
      "type": "wokwi-pushbutton",
      "id": "btn2",
      "top": -67.3,
      "left": -6.1,
      "rotate": 90,
      "attrs": { "color": "black", "key": "2" }
    },
    {
      "type": "wokwi-pushbutton",
      "id": "btn3",
      "top": -9.7,
      "left": 70.7,
      "rotate": 90,
      "attrs": { "color": "black", "key": "4" }
    },
    {
      "type": "wokwi-pushbutton",
      "id": "btn5",
      "top": -76.9,
      "left": 147.5,
      "rotate": 90,
      "attrs": { "color": "black", "key": "3" }
    },
    {
      "type": "wokwi-pushbutton",
      "id": "btn4",
      "top": -76.9,
      "left": 262.7,
      "rotate": 90,
      "attrs": { "color": "black", "key": "5" }
    },
    {
      "type": "wokwi-buzzer",
      "id": "bz1",
      "top": -333.6,
      "left": 318.6,
      "attrs": { "volume": "0.1" }
    },
    {
      "type": "board-ssd1306",
      "id": "oled1",
      "top": 175.94,
      "left": 470.63,
      "attrs": { "i2cAddress": "0x3c" }
    }
  ],
  "connections": [
    [ "uno:5V", "bb1:bp.25", "red", [ "v28.7", "h186.2", "v-518.4", "h-20.8" ] ],
    [ "btn2:1.l", "bb1:bn.1", "black", [ "v-115.2" ] ],
    [ "btn1:1.l", "bb1:bn.2", "black", [ "v0" ] ],
    [ "btn3:1.l", "bb1:bn.5", "black", [ "v0", "h38.4" ] ],
    [ "btn5:1.l", "bb1:bn.9", "black", [ "v0" ] ],
    [ "btn4:1.l", "bb1:bn.19", "black", [ "v0" ] ],
    [ "bb1:27b.j", "bb1:bn.22", "black", [ "v0" ] ],
    [ "bb1:28b.j", "uno:9", "red", [ "v307.2", "h-144", "v9.6" ] ],
    [ "btn2:2.r", "uno:6", "magenta", [ "v86.6", "h9.4" ] ],
    [ "btn1:2.r", "uno:8", "purple", [ "v0.2", "h-105.8", "v172.8", "h230.4" ] ],
    [ "btn3:2.r", "uno:3", "limegreen", [ "v9.8", "h182.2" ] ],
    [ "btn5:2.r", "uno:7", "yellow", [ "v67.4", "h67" ] ],
    [ "btn4:2.r", "uno:10", "cyan", [ "v38.6", "h-86.6" ] ],
    [ "uno:3.3V", "bb2:8t.a", "red", [ "v38.3", "h205.8", "v-182.4", "h115.2" ] ],
    [ "uno:GND.3", "bb1:bn.24", "black", [ "v19.1", "h138.4" ] ],
    [ "bb2:7t.a", "bb1:bn.25", "black", [ "v-364.8", "h-134.4" ] ],
    [ "uno:A5", "bb2:9t.a", "cyan", [ "v47.9", "h109.9", "v-201.6", "h105.6" ] ],
    [ "uno:A4", "bb2:10t.a", "limegreen", [ "v57.5", "h129", "v-220.8", "h9.6" ] ],
    [ "bz1:1", "bb1:27b.i", "", [ "$bb" ] ],
    [ "bz1:2", "bb1:28b.i", "", [ "$bb" ] ],
    [ "oled1:GND", "bb2:7t.c", "", [ "$bb" ] ],
    [ "oled1:VCC", "bb2:8t.c", "", [ "$bb" ] ],
    [ "oled1:SCL", "bb2:9t.c", "", [ "$bb" ] ],
    [ "oled1:SDA", "bb2:10t.c", "", [ "$bb" ] ]
  ],
  "dependencies": {}
}